letter_from,address,phone_number,email_address,date,letter_to,content
Your Name,"123 Your Street
Your City, ST 12345",(123) 456-7890,no_reply@example.com,,Reader,
Your Name,"123 Your Street
Your City, ST 12345",(123) 456-7890,no_reply@example.com,,Reader,
Your Name,"123 Your Street
Your City, ST 12345",(123) 456-7890,no_reply@example.com,,Reader,
Your Name,"123 Your Street
Your City, ST 12345",(123) 456-7890,no_reply@example.com,,Reader,
Your Name,"123 Your Street
Your City, ST 12345",(123) 456-7890,no_reply@example.com,,Reader,
Your Name,"123 Your Street
Your City, ST 12345",(123) 456-7890,no_reply@example.com,,Reader,
Your Name,"123 Your Street
Your City, ST 12345",(123) 456-7890,no_reply@example.com,,Reader,
